"page_file","shape_id","shape_name","text"
"page1.xml","14","矩形.14","尾部通道
"
"page1.xml","15","矩形.15","中部通道
"
"page1.xml","13","矩形","前段通道
"
"page1.xml","23","圆角矩形.23","——
"
"page1.xml","24","圆角矩形.24","——
"
"page1.xml","25","","S2 V170
"
"page1.xml","26","","S3
Q85
"
"page1.xml","16","圆角矩形","P450bsβ
"
"page1.xml","31","","Yield(10 mM):0.0%
R:0.0%；S:0.0%
丁癸:0.0%
"
"page1.xml","19","圆角矩形.19","P1MB
Wi+L78N"
"page1.xml","34","","Yield(10 mM):0.0%
R:0.0%；S:0.0%
丁癸:0.0%
"
"page1.xml","37","圆角矩形.19","P1MA
Wi+L78G"
"page1.xml","38","","Yield(10 mM):0.0%
R:0.0%；S:0.0%
丁癸:0.0%
"
"page1.xml","43","圆角矩形.19","P2MA
L78G+Q85H"
"page1.xml","44","","Yield(10 mM):7.9%
R:0.0%；S:100.0%
丁癸:0.0%
"
"page1.xml","45","","S3
Q85
"
"page1.xml","46","圆角矩形.46","——
"
"page1.xml","47","","S2
V170
"
"page1.xml","55","圆角矩形.19","P2MC
L78N+Q85F"
"page1.xml","56","","Yield(10 mM):—
"
"page1.xml","57","动态连接线.57","S3
Q85
"
"page1.xml","58","圆角矩形.58","——
"
"page1.xml","59","动态连接线.59","S2
V170
"
"page1.xml","61","圆角矩形.19","P3ME
L78N+Q85F+G290I"
"page1.xml","63","","Yield(10 mM):25.2%
R:15.0%；S:73.8%
丁癸:11.2%
"
"page1.xml","66","","S4
G290+M400
"
"page1.xml","68","圆角矩形.19","P3MA
L78G+Q85H+G290I"
"page1.xml","69","","Yield(10 mM):—
"
"page1.xml","70","","S4
G290+M400
"
"page1.xml","73","圆角矩形.19","L78G+Q85H+F173M"
"page1.xml","74","","Yield(10 mM):—
"
"page1.xml","75","","S5
F173
"
"page1.xml","79","圆角矩形.79","——
"
"page1.xml","80","","S5
F173
"
"page1.xml","83","圆角矩形.19","P4M（安大交付）
L78N+Q85F+G290I+F173S"
"page1.xml","84","","Yield(10 mM):8.3%
R:4.6%；S:79.2%
丁癸:16.2%
"
"page1.xml","90","圆角矩形.19","P4MB
L78N+Q85F+G290I+F173N"
"page1.xml","91","","Yield(10 mM):13.0%
R:6.0%；S:83.0%
丁癸:11.1%
"
"page1.xml","87","","S5
F173
"
"page1.xml","98","圆角矩形.19","P2MB
Wi+L78N+F79I"
"page1.xml","99","","Yield(10 mM):—
"
"page1.xml","21","动态连接线","S1
L78+F79
"
"page1.xml","106","圆角矩形.19","P3MX
L78G+F79I+Q85H"
"page1.xml","107","","Yield(10 mM):—
"
"page1.xml","110","","S3
Q85
"
"page1.xml","102","圆角矩形.19","P3MD
L78G+F79I+Q85F"
"page1.xml","108","","Yield(10 mM):0.0%
R:0.0%；S:0.0%
丁癸:0.0%
"
"page1.xml","112","圆角矩形.112","——
"
"page1.xml","113","","S2
V170
"
"page1.xml","117","圆角矩形.19","P5M
L78G+F79I+Q85F+G290I+M400I"
"page1.xml","118","","Yield(10 mM):—
"
"page1.xml","119","","S4
G290+M400
"
"page1.xml","121","圆角矩形.121","——
"
"page1.xml","122","","S5
F173
"
"page1.xml","123","圆角矩形.19","P6M（安大交付）
L78G+F79I+Q85F+G290I+M400I+F173S"
"page1.xml","125","","Yield(10 mM):81.1%
R:8.5%；S:81.6%
丁癸:9.9%
"
"page1.xml","128","圆角矩形.19","P6MB
L78G+F79I+Q85F+G290I+M400I+F173N"
"page1.xml","129","","Yield(10 mM):90.9%
R:7.2%；S:87.8%
丁癸:5.1%
"
"page1.xml","131","","S5
F173
"
"page1.xml","133","圆角矩形.19","P6MA（安大交付）
L78G+F79I+Q85F+G290I+M400I+F173S+G174M"
"page1.xml","134","","Yield(10 mM):89.4%
R:12.2%；S:78.6%
丁癸:9.2%
"
"page1.xml","135","","S8
G174
"
"page1.xml","137","圆角矩形.19","P6MC（安大交付）
L78G+Q85F+G290I+M400I+F173S+G174M+L70I"
"page1.xml","138","","Yield(10 mM):—
"
"page1.xml","140","圆角矩形.19","——
"
"page1.xml","142","","S8
G174
"
"page1.xml","143","","S10
L70+G86
"
"page1.xml","145","圆角矩形.19","L78G+Q85F+G290I+F173N+S77A+V74M"
"page1.xml","146","","Yield(10 mM):46.6%
R:6.0%；S:80.3%
丁癸:13.6%
"
"page1.xml","151","圆角矩形.19","L78G+Q85F+G290I+F173N+G294V"
"page1.xml","152","","Yield(10 mM):50.2%
R:8.4%；S:80.7%
丁癸:10.9%
"
"page1.xml","154","圆角矩形.19","P5M
L78G+Q85F+G290I+F173N+G174L"
"page1.xml","155","","Yield(10 mM):53.4%
R:5.8%；S:84.6%
丁癸:9.6%
"
"page1.xml","157","圆角矩形.19","L78G+Q85F+G290I+F173N+F46L"
"page1.xml","158","","Yield(10 mM):48.5%
R:11.3%；S:79.8%
丁癸:9.0%
"
"page1.xml","160","圆角矩形.19","——
"
"page1.xml","161","","Yield(10 mM):——
"
"page1.xml","162","","S8
G174
"
"page1.xml","163","","S7
A69+G294
"
"page1.xml","164","","S9
F46
"
"page1.xml","165","","S6
V74+S77
"
"page1.xml","166","","S10
L70+G86
"
"page1.xml","172","圆角矩形.19","L78N+Q85F+G290I+G174M"
"page1.xml","173","","Yield(10 mM):27.4%
R:5.3%；S:73.0%
丁癸:21.8%
"
"page1.xml","174","","S8
G174
"
"page1.xml","176","圆角矩形.19","P7MA
L78G+Q85F+G290I+F173N+G174L+S77A+V74M"
"page1.xml","177","","Yield(10 mM):153.4%
R:6.3%；S:79.3%
丁癸:14.4%
"
"page1.xml","179","圆角矩形.19","L78G+Q85F+G290I+F173N+G174L+A69F
"
"page1.xml","180","","Yield(10 mM):139.8%
R:4.8%；S:84.1%
丁癸:11.1%
"
"page1.xml","182","圆角矩形.19","L78G+Q85F+G290I+F173N+G174L+F46L"
"page1.xml","183","","Yield(10 mM):107.4%
R:3.2%；S:87.0%
丁癸:9.7%
"
"page1.xml","186","圆角矩形.19","——
"
"page1.xml","187","","Yield(10 mM):——
"
"page1.xml","189","","S6
V74+S77
"
"page1.xml","192","","S10
L70+G86
"
"page1.xml","197","圆角矩形.19","L78G+Q85F+G290I+F173N+G174L+G294L
"
"page1.xml","198","","Yield(10 mM):126.5%
R:5.2%；S:84.7%
丁癸:10.2%
"
"page1.xml","188","","S7
A69+G294
"
"page1.xml","201","圆角矩形.19","L78G+Q85F+G290I+F173N+G174L+F46H"
"page1.xml","202","","Yield(10 mM):96.7%
R:3.5%；S:85.9%
丁癸:10.6%
"
"page1.xml","190","","S9
F46
"
"page1.xml","208","圆角矩形.19","P4MF
L78N+Q85H+F173M+G290I"
"page1.xml","209","","Yield(10 mM):4.1%
R:26.3%；S:21.8%
丁癸:52.0%
"
"page1.xml","212","","S4
G290+M400
"
"page1.xml","216","圆角矩形.19","P4MD
L78Q+Q85F+F173G+G290I"
"page1.xml","217","","Yield(10 mM):41.6%
R:1.8%；S:61.8%
丁癸:36.5%
"
"page1.xml","218","","丁
"
"page1.xml","219","","R
"
"page1.xml","228","圆角矩形.19","P2MF
L78H+G290I"
"page1.xml","229","","Yield(10 mM):6.0%
R:34.7%；S:65.3%
丁癸:0%
"
"page1.xml","232","圆角矩形.19","P4MG
L78G+Q85E+F173R+G290I"
"page1.xml","233","","Yield(10 mM):1.6%
R:45.2%；S:54.8%
丁癸:0.0%
"
